-- ============================================================
-- Financial ETL Sample Data — 2023 Annual Financial Records
-- 19 accounts | 144 transactions | 12 monthly summaries
-- ============================================================

INSERT INTO accounts (account_code,account_name,account_type,category) VALUES
    ('1001','Cash & Bank','Asset','Current Asset'),
    ('1002','Accounts Receivable','Asset','Current Asset'),
    ('1003','Inventory','Asset','Current Asset'),
    ('1004','Fixed Assets','Asset','Non-Current Asset'),
    ('2001','Accounts Payable','Liability','Current Liability'),
    ('2002','Bank Loan','Liability','Non-Current Liability'),
    ('2003','Tax Payable','Liability','Current Liability'),
    ('3001','Owner Equity','Equity','Capital'),
    ('3002','Retained Earnings','Equity','Reserves'),
    ('4001','Sales Revenue','Income','Revenue'),
    ('4002','Service Revenue','Income','Revenue'),
    ('4003','Other Income','Income','Revenue'),
    ('5001','Cost of Goods Sold','Expense','Direct Cost'),
    ('5002','Salaries & Wages','Expense','Operating Expense'),
    ('5003','Rent & Utilities','Expense','Operating Expense'),
    ('5004','Marketing & Advertising','Expense','Operating Expense'),
    ('5005','Depreciation','Expense','Non-Cash Expense'),
    ('5006','Interest Expense','Expense','Financial Cost'),
    ('5007','Miscellaneous Expense','Expense','Operating Expense');

INSERT INTO transactions (txn_date,month,year,account_code,account_name,txn_type,debit,credit,description,voucher_type) VALUES
    ('2023-01-03','January',2023,'4001','Sales Revenue','Credit',0.0,269519.75,'Monthly sales revenue','Sales'),
    ('2023-01-04','January',2023,'4002','Service Revenue','Credit',0.0,41000.43,'Service charges collected','Receipt'),
    ('2023-01-06','January',2023,'5001','Cost of Goods Sold','Debit',155648.45,0.0,'COGS for the month','Purchase'),
    ('2023-01-08','January',2023,'5002','Salaries & Wages','Debit',49464.21,0.0,'Monthly payroll','Payment'),
    ('2023-01-11','January',2023,'5003','Rent & Utilities','Debit',16418.83,0.0,'Rent + utilities','Payment'),
    ('2023-01-13','January',2023,'5004','Marketing & Advertising','Debit',16120.39,0.0,'Ad spend','Payment'),
    ('2023-01-16','January',2023,'5005','Depreciation','Debit',7676.54,0.0,'Asset depreciation','Journal'),
    ('2023-01-19','January',2023,'5006','Interest Expense','Debit',3260.82,0.0,'Bank loan interest','Journal'),
    ('2023-01-21','January',2023,'5007','Miscellaneous Expense','Debit',3687.69,0.0,'Misc operational costs','Payment'),
    ('2023-01-23','January',2023,'1002','Accounts Receivable','Debit',80855.93,0.0,'AR from credit sales','Journal'),
    ('2023-01-26','January',2023,'2001','Accounts Payable','Credit',0.0,62259.38,'AP for inventory','Journal'),
    ('2023-01-29','January',2023,'2003','Tax Payable','Credit',0.0,46578.03,'Tax provision','Journal'),
    ('2023-02-03','February',2023,'4001','Sales Revenue','Credit',0.0,184171.61,'Monthly sales revenue','Sales'),
    ('2023-02-04','February',2023,'4002','Service Revenue','Credit',0.0,48745.52,'Service charges collected','Receipt'),
    ('2023-02-06','February',2023,'5001','Cost of Goods Sold','Debit',110601.6,0.0,'COGS for the month','Purchase'),
    ('2023-02-08','February',2023,'5002','Salaries & Wages','Debit',45530.72,0.0,'Monthly payroll','Payment'),
    ('2023-02-11','February',2023,'5003','Rent & Utilities','Debit',13193.03,0.0,'Rent + utilities','Payment'),
    ('2023-02-13','February',2023,'5004','Marketing & Advertising','Debit',15798.61,0.0,'Ad spend','Payment'),
    ('2023-02-16','February',2023,'5005','Depreciation','Debit',6634.82,0.0,'Asset depreciation','Journal'),
    ('2023-02-19','February',2023,'5006','Interest Expense','Debit',3661.32,0.0,'Bank loan interest','Journal'),
    ('2023-02-21','February',2023,'5007','Miscellaneous Expense','Debit',4357.06,0.0,'Misc operational costs','Payment'),
    ('2023-02-23','February',2023,'1002','Accounts Receivable','Debit',55251.48,0.0,'AR from credit sales','Journal'),
    ('2023-02-26','February',2023,'2001','Accounts Payable','Credit',0.0,44240.64,'AP for inventory','Journal'),
    ('2023-03-01','February',2023,'2003','Tax Payable','Credit',0.0,34937.57,'Tax provision','Journal'),
    ('2023-03-03','March',2023,'4001','Sales Revenue','Credit',0.0,293320.26,'Monthly sales revenue','Sales'),
    ('2023-03-04','March',2023,'4002','Service Revenue','Credit',0.0,40259.95,'Service charges collected','Receipt'),
    ('2023-03-06','March',2023,'5001','Cost of Goods Sold','Debit',184962.46,0.0,'COGS for the month','Purchase'),
    ('2023-03-08','March',2023,'5002','Salaries & Wages','Debit',58962.79,0.0,'Monthly payroll','Payment'),
    ('2023-03-11','March',2023,'5003','Rent & Utilities','Debit',14041.5,0.0,'Rent + utilities','Payment'),
    ('2023-03-13','March',2023,'5004','Marketing & Advertising','Debit',9865.75,0.0,'Ad spend','Payment'),
    ('2023-03-16','March',2023,'5005','Depreciation','Debit',7871.64,0.0,'Asset depreciation','Journal'),
    ('2023-03-19','March',2023,'5006','Interest Expense','Debit',4009.78,0.0,'Bank loan interest','Journal'),
    ('2023-03-21','March',2023,'5007','Miscellaneous Expense','Debit',2370.98,0.0,'Misc operational costs','Payment'),
    ('2023-03-23','March',2023,'1002','Accounts Receivable','Debit',87996.08,0.0,'AR from credit sales','Journal'),
    ('2023-03-26','March',2023,'2001','Accounts Payable','Credit',0.0,73984.98,'AP for inventory','Journal'),
    ('2023-03-29','March',2023,'2003','Tax Payable','Credit',0.0,50037.03,'Tax provision','Journal'),
    ('2023-04-03','April',2023,'4001','Sales Revenue','Credit',0.0,193540.29,'Monthly sales revenue','Sales'),
    ('2023-04-04','April',2023,'4002','Service Revenue','Credit',0.0,73899.77,'Service charges collected','Receipt'),
    ('2023-04-06','April',2023,'5001','Cost of Goods Sold','Debit',118131.69,0.0,'COGS for the month','Purchase'),
    ('2023-04-08','April',2023,'5002','Salaries & Wages','Debit',61142.57,0.0,'Monthly payroll','Payment'),
    ('2023-04-11','April',2023,'5003','Rent & Utilities','Debit',16378.39,0.0,'Rent + utilities','Payment'),
    ('2023-04-13','April',2023,'5004','Marketing & Advertising','Debit',14434.74,0.0,'Ad spend','Payment'),
    ('2023-04-16','April',2023,'5005','Depreciation','Debit',7919.35,0.0,'Asset depreciation','Journal'),
    ('2023-04-19','April',2023,'5006','Interest Expense','Debit',4135.6,0.0,'Bank loan interest','Journal'),
    ('2023-04-21','April',2023,'5007','Miscellaneous Expense','Debit',4208.16,0.0,'Misc operational costs','Payment'),
    ('2023-04-23','April',2023,'1002','Accounts Receivable','Debit',58062.09,0.0,'AR from credit sales','Journal'),
    ('2023-04-26','April',2023,'2001','Accounts Payable','Credit',0.0,47252.68,'AP for inventory','Journal'),
    ('2023-04-29','April',2023,'2003','Tax Payable','Credit',0.0,40116.01,'Tax provision','Journal'),
    ('2023-05-03','May',2023,'4001','Sales Revenue','Credit',0.0,296116.65,'Monthly sales revenue','Sales'),
    ('2023-05-04','May',2023,'4002','Service Revenue','Credit',0.0,64740.79,'Service charges collected','Receipt'),
    ('2023-05-06','May',2023,'5001','Cost of Goods Sold','Debit',188380.74,0.0,'COGS for the month','Purchase'),
    ('2023-05-08','May',2023,'5002','Salaries & Wages','Debit',56547.04,0.0,'Monthly payroll','Payment'),
    ('2023-05-11','May',2023,'5003','Rent & Utilities','Debit',16227.43,0.0,'Rent + utilities','Payment'),
    ('2023-05-13','May',2023,'5004','Marketing & Advertising','Debit',8549.89,0.0,'Ad spend','Payment'),
    ('2023-05-16','May',2023,'5005','Depreciation','Debit',5683.69,0.0,'Asset depreciation','Journal'),
    ('2023-05-19','May',2023,'5006','Interest Expense','Debit',3868.16,0.0,'Bank loan interest','Journal'),
    ('2023-05-21','May',2023,'5007','Miscellaneous Expense','Debit',2319.17,0.0,'Misc operational costs','Payment'),
    ('2023-05-23','May',2023,'1002','Accounts Receivable','Debit',88835.0,0.0,'AR from credit sales','Journal'),
    ('2023-05-26','May',2023,'2001','Accounts Payable','Credit',0.0,75352.29,'AP for inventory','Journal'),
    ('2023-05-29','May',2023,'2003','Tax Payable','Credit',0.0,54128.62,'Tax provision','Journal'),
    ('2023-06-03','June',2023,'4001','Sales Revenue','Credit',0.0,212590.72,'Monthly sales revenue','Sales'),
    ('2023-06-04','June',2023,'4002','Service Revenue','Credit',0.0,44040.06,'Service charges collected','Receipt'),
    ('2023-06-06','June',2023,'5001','Cost of Goods Sold','Debit',122834.36,0.0,'COGS for the month','Purchase'),
    ('2023-06-08','June',2023,'5002','Salaries & Wages','Debit',57713.69,0.0,'Monthly payroll','Payment'),
    ('2023-06-11','June',2023,'5003','Rent & Utilities','Debit',14188.99,0.0,'Rent + utilities','Payment'),
    ('2023-06-13','June',2023,'5004','Marketing & Advertising','Debit',12442.17,0.0,'Ad spend','Payment'),
    ('2023-06-16','June',2023,'5005','Depreciation','Debit',5628.52,0.0,'Asset depreciation','Journal'),
    ('2023-06-19','June',2023,'5006','Interest Expense','Debit',3800.93,0.0,'Bank loan interest','Journal'),
    ('2023-06-21','June',2023,'5007','Miscellaneous Expense','Debit',5746.62,0.0,'Misc operational costs','Payment'),
    ('2023-06-23','June',2023,'1002','Accounts Receivable','Debit',63777.22,0.0,'AR from credit sales','Journal'),
    ('2023-06-26','June',2023,'2001','Accounts Payable','Credit',0.0,49133.74,'AP for inventory','Journal'),
    ('2023-06-29','June',2023,'2003','Tax Payable','Credit',0.0,38494.62,'Tax provision','Journal'),
    ('2023-07-03','July',2023,'4001','Sales Revenue','Credit',0.0,270724.95,'Monthly sales revenue','Sales'),
    ('2023-07-04','July',2023,'4002','Service Revenue','Credit',0.0,64365.24,'Service charges collected','Receipt'),
    ('2023-07-06','July',2023,'5001','Cost of Goods Sold','Debit',153531.87,0.0,'COGS for the month','Purchase'),
    ('2023-07-08','July',2023,'5002','Salaries & Wages','Debit',59582.54,0.0,'Monthly payroll','Payment'),
    ('2023-07-11','July',2023,'5003','Rent & Utilities','Debit',12980.41,0.0,'Rent + utilities','Payment'),
    ('2023-07-13','July',2023,'5004','Marketing & Advertising','Debit',12553.47,0.0,'Ad spend','Payment'),
    ('2023-07-16','July',2023,'5005','Depreciation','Debit',7968.57,0.0,'Asset depreciation','Journal'),
    ('2023-07-19','July',2023,'5006','Interest Expense','Debit',4920.0,0.0,'Bank loan interest','Journal'),
    ('2023-07-21','July',2023,'5007','Miscellaneous Expense','Debit',4227.8,0.0,'Misc operational costs','Payment'),
    ('2023-07-23','July',2023,'1002','Accounts Receivable','Debit',81217.49,0.0,'AR from credit sales','Journal'),
    ('2023-07-26','July',2023,'2001','Accounts Payable','Credit',0.0,61412.75,'AP for inventory','Journal'),
    ('2023-07-29','July',2023,'2003','Tax Payable','Credit',0.0,50263.53,'Tax provision','Journal'),
    ('2023-08-03','August',2023,'4001','Sales Revenue','Credit',0.0,275846.0,'Monthly sales revenue','Sales'),
    ('2023-08-04','August',2023,'4002','Service Revenue','Credit',0.0,73714.08,'Service charges collected','Receipt'),
    ('2023-08-06','August',2023,'5001','Cost of Goods Sold','Debit',173120.94,0.0,'COGS for the month','Purchase'),
    ('2023-08-08','August',2023,'5002','Salaries & Wages','Debit',49580.96,0.0,'Monthly payroll','Payment'),
    ('2023-08-11','August',2023,'5003','Rent & Utilities','Debit',12192.6,0.0,'Rent + utilities','Payment'),
    ('2023-08-13','August',2023,'5004','Marketing & Advertising','Debit',11785.44,0.0,'Ad spend','Payment'),
    ('2023-08-16','August',2023,'5005','Depreciation','Debit',5803.22,0.0,'Asset depreciation','Journal'),
    ('2023-08-19','August',2023,'5006','Interest Expense','Debit',3632.95,0.0,'Bank loan interest','Journal'),
    ('2023-08-21','August',2023,'5007','Miscellaneous Expense','Debit',5771.64,0.0,'Misc operational costs','Payment'),
    ('2023-08-23','August',2023,'1002','Accounts Receivable','Debit',82753.8,0.0,'AR from credit sales','Journal'),
    ('2023-08-26','August',2023,'2001','Accounts Payable','Credit',0.0,69248.38,'AP for inventory','Journal'),
    ('2023-08-29','August',2023,'2003','Tax Payable','Credit',0.0,52434.01,'Tax provision','Journal'),
    ('2023-09-03','September',2023,'4001','Sales Revenue','Credit',0.0,302691.47,'Monthly sales revenue','Sales'),
    ('2023-09-04','September',2023,'4002','Service Revenue','Credit',0.0,52587.12,'Service charges collected','Receipt'),
    ('2023-09-06','September',2023,'5001','Cost of Goods Sold','Debit',186319.88,0.0,'COGS for the month','Purchase'),
    ('2023-09-08','September',2023,'5002','Salaries & Wages','Debit',52912.64,0.0,'Monthly payroll','Payment'),
    ('2023-09-11','September',2023,'5003','Rent & Utilities','Debit',17487.29,0.0,'Rent + utilities','Payment'),
    ('2023-09-13','September',2023,'5004','Marketing & Advertising','Debit',13506.22,0.0,'Ad spend','Payment'),
    ('2023-09-16','September',2023,'5005','Depreciation','Debit',5794.64,0.0,'Asset depreciation','Journal'),
    ('2023-09-19','September',2023,'5006','Interest Expense','Debit',3739.88,0.0,'Bank loan interest','Journal'),
    ('2023-09-21','September',2023,'5007','Miscellaneous Expense','Debit',4245.47,0.0,'Misc operational costs','Payment'),
    ('2023-09-23','September',2023,'1002','Accounts Receivable','Debit',90807.44,0.0,'AR from credit sales','Journal'),
    ('2023-09-26','September',2023,'2001','Accounts Payable','Credit',0.0,74527.95,'AP for inventory','Journal'),
    ('2023-09-29','September',2023,'2003','Tax Payable','Credit',0.0,53291.79,'Tax provision','Journal'),
    ('2023-10-03','October',2023,'4001','Sales Revenue','Credit',0.0,216783.83,'Monthly sales revenue','Sales'),
    ('2023-10-04','October',2023,'4002','Service Revenue','Credit',0.0,63383.44,'Service charges collected','Receipt'),
    ('2023-10-06','October',2023,'5001','Cost of Goods Sold','Debit',138694.45,0.0,'COGS for the month','Purchase'),
    ('2023-10-08','October',2023,'5002','Salaries & Wages','Debit',52988.01,0.0,'Monthly payroll','Payment'),
    ('2023-10-11','October',2023,'5003','Rent & Utilities','Debit',13315.92,0.0,'Rent + utilities','Payment'),
    ('2023-10-13','October',2023,'5004','Marketing & Advertising','Debit',19970.45,0.0,'Ad spend','Payment'),
    ('2023-10-16','October',2023,'5005','Depreciation','Debit',6528.58,0.0,'Asset depreciation','Journal'),
    ('2023-10-19','October',2023,'5006','Interest Expense','Debit',3272.73,0.0,'Bank loan interest','Journal'),
    ('2023-10-21','October',2023,'5007','Miscellaneous Expense','Debit',2188.47,0.0,'Misc operational costs','Payment'),
    ('2023-10-23','October',2023,'1002','Accounts Receivable','Debit',65035.15,0.0,'AR from credit sales','Journal'),
    ('2023-10-26','October',2023,'2001','Accounts Payable','Credit',0.0,55477.78,'AP for inventory','Journal'),
    ('2023-10-29','October',2023,'2003','Tax Payable','Credit',0.0,42025.09,'Tax provision','Journal'),
    ('2023-11-03','November',2023,'4001','Sales Revenue','Credit',0.0,195350.88,'Monthly sales revenue','Sales'),
    ('2023-11-04','November',2023,'4002','Service Revenue','Credit',0.0,65097.84,'Service charges collected','Receipt'),
    ('2023-11-06','November',2023,'5001','Cost of Goods Sold','Debit',122916.32,0.0,'COGS for the month','Purchase'),
    ('2023-11-08','November',2023,'5002','Salaries & Wages','Debit',53443.2,0.0,'Monthly payroll','Payment'),
    ('2023-11-11','November',2023,'5003','Rent & Utilities','Debit',12381.17,0.0,'Rent + utilities','Payment'),
    ('2023-11-13','November',2023,'5004','Marketing & Advertising','Debit',12579.43,0.0,'Ad spend','Payment'),
    ('2023-11-16','November',2023,'5005','Depreciation','Debit',7988.36,0.0,'Asset depreciation','Journal'),
    ('2023-11-19','November',2023,'5006','Interest Expense','Debit',4587.34,0.0,'Bank loan interest','Journal'),
    ('2023-11-21','November',2023,'5007','Miscellaneous Expense','Debit',5884.31,0.0,'Misc operational costs','Payment'),
    ('2023-11-23','November',2023,'1002','Accounts Receivable','Debit',58605.26,0.0,'AR from credit sales','Journal'),
    ('2023-11-26','November',2023,'2001','Accounts Payable','Credit',0.0,49166.53,'AP for inventory','Journal'),
    ('2023-11-29','November',2023,'2003','Tax Payable','Credit',0.0,39067.31,'Tax provision','Journal'),
    ('2023-12-03','December',2023,'4001','Sales Revenue','Credit',0.0,300509.16,'Monthly sales revenue','Sales'),
    ('2023-12-04','December',2023,'4002','Service Revenue','Credit',0.0,40459.24,'Service charges collected','Receipt'),
    ('2023-12-06','December',2023,'5001','Cost of Goods Sold','Debit',186938.39,0.0,'COGS for the month','Purchase'),
    ('2023-12-08','December',2023,'5002','Salaries & Wages','Debit',58634.21,0.0,'Monthly payroll','Payment'),
    ('2023-12-11','December',2023,'5003','Rent & Utilities','Debit',15221.82,0.0,'Rent + utilities','Payment'),
    ('2023-12-13','December',2023,'5004','Marketing & Advertising','Debit',11201.9,0.0,'Ad spend','Payment'),
    ('2023-12-16','December',2023,'5005','Depreciation','Debit',6922.89,0.0,'Asset depreciation','Journal'),
    ('2023-12-19','December',2023,'5006','Interest Expense','Debit',3334.66,0.0,'Bank loan interest','Journal'),
    ('2023-12-21','December',2023,'5007','Miscellaneous Expense','Debit',3739.06,0.0,'Misc operational costs','Payment'),
    ('2023-12-23','December',2023,'1002','Accounts Receivable','Debit',90152.75,0.0,'AR from credit sales','Journal'),
    ('2023-12-26','December',2023,'2001','Accounts Payable','Credit',0.0,74775.36,'AP for inventory','Journal'),
    ('2023-12-29','December',2023,'2003','Tax Payable','Credit',0.0,51145.26,'Tax provision','Journal');

INSERT INTO monthly_summary (month,year,total_debit,total_credit,closing_balance,net_profit_loss) VALUES
    ('January',2023,333132.85,419357.59,586224.74,86224.74),
    ('February',2023,255028.65,312095.34,643291.43,57066.69),
    ('March',2023,370080.99,457602.23,730812.67,87521.24),
    ('April',2023,284412.59,354808.75,801208.83,70396.16),
    ('May',2023,370411.12,490338.35,921136.06,119927.23),
    ('June',2023,286132.5,344259.14,979262.7,58126.64),
    ('July',2023,336982.15,446766.47,1089047.02,109784.32),
    ('August',2023,344641.55,471242.46,1215647.93,126600.91),
    ('September',2023,374813.46,483098.32,1323932.79,108284.86),
    ('October',2023,301993.76,377670.14,1399609.17,75676.38),
    ('November',2023,278385.4,348682.56,1469906.33,70297.16),
    ('December',2023,376145.67,466889.01,1560649.67,90743.34);
